{
  "data": [
    [
      "nome",
      "idade",
      "salario"
    ],
    [
      "Joao",
      "25",
      "3500"
    ],
    [
      "Maria",
      "28",
      "5000"
    ],
    [
      "Jose",
      "32",
      "7000"
    ],
    [
      "Carol",
      "20",
      "1800"
    ]
  ],
  "statistics": [
    {
      "column": 1,
      "mean": 0.0,
      "median": 0.0,
      "std_dev": 0.0
    },
    {
      "column": 2,
      "mean": 26.25,
      "median": 26.5,
      "std_dev": 4.380353866983808
    },
    {
      "column": 3,
      "mean": 4325.0,
      "median": 4250.0,
      "std_dev": 1914.9086140074673
    }
  ]
}